UserObjectId,TenantId
fbe21640-c32c-482d-846a-147b8653122c,d3807c46-d673-4366-883b-c12c16e194b6
097a9015-d08d-4bbe-b135-460960cd279d,d3807c46-d673-4366-883b-c12c16e194b6
ec3bb3ed-e16f-4d35-ba98-275ab5e98ecc,d3807c46-d673-4366-883b-c12c16e194b6
b8f2d7c8-7559-4658-958f-41fa8c53f1cf,d3807c46-d673-4366-883b-c12c16e194b6
df0b8a9e-85dd-4df6-93ea-f052b9874083,d3807c46-d673-4366-883b-c12c16e194b6
7d1167d4-3d66-47a5-9bb0-bd3b66db28b5,d3807c46-d673-4366-883b-c12c16e194b6
16e86ed6-4b58-45c7-aec3-23523af1ec59,d3807c46-d673-4366-883b-c12c16e194b6
6ef40ee4-d010-485d-ad27-e9d19efbecdb,d3807c46-d673-4366-883b-c12c16e194b6
b6126176-f39a-4a3f-862b-99699195fde2,d3807c46-d673-4366-883b-c12c16e194b6
5587b6fb-72a1-4810-a438-3fc1656f8afa,d3807c46-d673-4366-883b-c12c16e194b6
f2eca4b7-941e-4399-a421-775d62cd4444,d3807c46-d673-4366-883b-c12c16e194b6
751525e4-e957-4985-beb3-ce827c4785aa,d3807c46-d673-4366-883b-c12c16e194b6
efcf6995-6b30-487c-91b9-7bb7c308b9c4,d3807c46-d673-4366-883b-c12c16e194b6
700ad3a0-c26b-4603-b0db-01a4183f8668,d3807c46-d673-4366-883b-c12c16e194b6
61d0dba8-1f4e-42d3-a0a3-672fe1bdf4f8,d3807c46-d673-4366-883b-c12c16e194b6
5265ab45-326b-4245-9f70-8a9e4cb7539e,d3807c46-d673-4366-883b-c12c16e194b6
f6b7b851-7d2c-466b-a0ea-fd3788d581cb,d3807c46-d673-4366-883b-c12c16e194b6
8794f24c-e0d7-4efc-9105-188e16edf3fb,d3807c46-d673-4366-883b-c12c16e194b6
869768e6-53e8-4082-9257-9aa3e635daa2,d3807c46-d673-4366-883b-c12c16e194b6
e838add1-1081-4de6-a54c-cabc7dbf18a3,d3807c46-d673-4366-883b-c12c16e194b6
